{
	"partitions" : [
		{
			"name" : "Top",
			"pins" : [
				{
					"name" : "q_a[0]",
					"strict" : false
				},
				{
					"name" : "q_a[1]",
					"strict" : false
				},
				{
					"name" : "q_a[2]",
					"strict" : false
				},
				{
					"name" : "q_a[3]",
					"strict" : false
				},
				{
					"name" : "q_a[4]",
					"strict" : false
				},
				{
					"name" : "q_a[5]",
					"strict" : false
				},
				{
					"name" : "q_a[6]",
					"strict" : false
				},
				{
					"name" : "q_a[7]",
					"strict" : false
				},
				{
					"name" : "q_b[0]",
					"strict" : false
				},
				{
					"name" : "q_b[1]",
					"strict" : false
				},
				{
					"name" : "q_b[2]",
					"strict" : false
				},
				{
					"name" : "q_b[3]",
					"strict" : false
				},
				{
					"name" : "q_b[4]",
					"strict" : false
				},
				{
					"name" : "q_b[5]",
					"strict" : false
				},
				{
					"name" : "q_b[6]",
					"strict" : false
				},
				{
					"name" : "q_b[7]",
					"strict" : false
				},
				{
					"name" : "wren_a",
					"strict" : false
				},
				{
					"name" : "wren_b",
					"strict" : false
				},
				{
					"name" : "clock",
					"strict" : false
				},
				{
					"name" : "data_a[0]",
					"strict" : false
				},
				{
					"name" : "address_a[0]",
					"strict" : false
				},
				{
					"name" : "address_a[1]",
					"strict" : false
				},
				{
					"name" : "address_a[2]",
					"strict" : false
				},
				{
					"name" : "address_a[3]",
					"strict" : false
				},
				{
					"name" : "address_a[4]",
					"strict" : false
				},
				{
					"name" : "address_a[5]",
					"strict" : false
				},
				{
					"name" : "data_b[0]",
					"strict" : false
				},
				{
					"name" : "address_b[0]",
					"strict" : false
				},
				{
					"name" : "address_b[1]",
					"strict" : false
				},
				{
					"name" : "address_b[2]",
					"strict" : false
				},
				{
					"name" : "address_b[3]",
					"strict" : false
				},
				{
					"name" : "address_b[4]",
					"strict" : false
				},
				{
					"name" : "address_b[5]",
					"strict" : false
				},
				{
					"name" : "data_a[1]",
					"strict" : false
				},
				{
					"name" : "data_b[1]",
					"strict" : false
				},
				{
					"name" : "data_a[2]",
					"strict" : false
				},
				{
					"name" : "data_b[2]",
					"strict" : false
				},
				{
					"name" : "data_a[3]",
					"strict" : false
				},
				{
					"name" : "data_b[3]",
					"strict" : false
				},
				{
					"name" : "data_a[4]",
					"strict" : false
				},
				{
					"name" : "data_b[4]",
					"strict" : false
				},
				{
					"name" : "data_a[5]",
					"strict" : false
				},
				{
					"name" : "data_b[5]",
					"strict" : false
				},
				{
					"name" : "data_a[6]",
					"strict" : false
				},
				{
					"name" : "data_b[6]",
					"strict" : false
				},
				{
					"name" : "data_a[7]",
					"strict" : false
				},
				{
					"name" : "data_b[7]",
					"strict" : false
				}
			]
		}
	]
}